Date,DayOfWeek,Staffing_Level,Park_Attendance,Holiday,Event
2023-01-01,Sunday,1157,17770,No,No
2023-01-02,Monday,902,18773,No,No
2023-01-03,Tuesday,975,19019,No,No
2023-01-04,Wednesday,872,19401,No,No
2023-01-05,Thursday,1012,18516,No,No
2023-01-06,Friday,988,19151,No,No
2023-01-07,Saturday,1181,19130,No,No
2023-01-08,Sunday,1220,19806,No,No
2023-01-09,Monday,1058,18916,No,No
2023-01-10,Tuesday,1029,19245,No,No
2023-01-11,Wednesday,889,19037,No,No
2023-01-12,Thursday,921,19946,No,No
2023-01-13,Friday,957,20135,No,No
2023-01-14,Saturday,1193,20075,No,No
2023-01-15,Sunday,1221,20297,No,No
2023-01-16,Monday,962,19240,No,No
2023-01-17,Tuesday,1011,19901,No,No
2023-01-18,Wednesday,968,20111,No,No
2023-01-19,Thursday,978,21533,No,No
2023-01-20,Friday,942,19753,No,No
2023-01-21,Saturday,1170,21527,No,No
2023-01-22,Sunday,1152,21379,No,No
2023-01-23,Monday,974,20706,No,No
2023-01-24,Tuesday,1079,21531,No,No
2023-01-25,Wednesday,982,20923,No,No
2023-01-26,Thursday,1164,21016,No,No
2023-01-27,Friday,1061,20880,No,No
2023-01-28,Saturday,1249,22003,No,No
2023-01-29,Sunday,1200,22024,No,No
2023-01-30,Monday,1081,20847,No,Yes
2023-01-31,Tuesday,1521,21583,Yes,No
2023-02-01,Wednesday,1059,21225,No,No
2023-02-02,Thursday,1184,21009,No,No
2023-02-03,Friday,1055,21460,No,No
2023-02-04,Saturday,1320,22592,No,No
2023-02-05,Sunday,1231,21826,No,No
2023-02-06,Monday,1068,21715,No,No
2023-02-07,Tuesday,1161,21845,No,No
2023-02-08,Wednesday,1045,22321,No,No
2023-02-09,Thursday,1170,20852,No,No
2023-02-10,Friday,1118,21751,No,No
2023-02-11,Saturday,1257,22638,No,No
2023-02-12,Sunday,1320,23210,No,No
2023-02-13,Monday,1140,22041,No,No
2023-02-14,Tuesday,1126,21425,No,No
2023-02-15,Wednesday,1019,22749,No,No
2023-02-16,Thursday,1064,22196,No,No
2023-02-17,Friday,1091,21993,No,No
2023-02-18,Saturday,1303,22749,No,No
2023-02-19,Sunday,1340,23041,No,No
2023-02-20,Monday,1121,22503,No,No
2023-02-21,Tuesday,1048,21774,No,No
2023-02-22,Wednesday,1137,23395,No,No
2023-02-23,Thursday,1151,23653,No,No
2023-02-24,Friday,1151,23409,No,No
2023-02-25,Saturday,1380,22982,No,No
2023-02-26,Sunday,1370,23517,No,No
2023-02-27,Monday,1154,23280,No,No
2023-02-28,Tuesday,1130,23647,No,No
2023-03-01,Wednesday,1053,23745,No,No
2023-03-02,Thursday,1160,23106,No,No
2023-03-03,Friday,1152,23576,No,No
2023-03-04,Saturday,1357,24224,No,No
2023-03-05,Sunday,1282,24782,No,No
2023-03-06,Monday,1094,24065,No,No
2023-03-07,Tuesday,1203,24164,No,Yes
2023-03-08,Wednesday,1151,23868,No,No
2023-03-09,Thursday,1189,24586,No,No
2023-03-10,Friday,1159,24139,No,No
2023-03-11,Saturday,1361,23956,No,No
2023-03-12,Sunday,1408,25140,No,No
2023-03-13,Monday,1138,24437,No,No
2023-03-14,Tuesday,1170,23916,No,No
2023-03-15,Wednesday,1144,23945,No,No
2023-03-16,Thursday,1148,24380,No,No
2023-03-17,Friday,1156,24509,No,No
2023-03-18,Saturday,1384,24820,No,No
2023-03-19,Sunday,1351,24919,No,No
2023-03-20,Monday,1239,25255,No,No
2023-03-21,Tuesday,1133,24981,No,No
2023-03-22,Wednesday,1170,24579,No,No
2023-03-23,Thursday,1159,24992,No,No
2023-03-24,Friday,1255,24041,No,No
2023-03-25,Saturday,1394,25191,No,No
2023-03-26,Sunday,1437,25930,No,No
2023-03-27,Monday,1112,24548,No,No
2023-03-28,Tuesday,1201,24264,No,No
2023-03-29,Wednesday,1233,24391,No,No
2023-03-30,Thursday,1194,24200,No,No
2023-03-31,Friday,1244,24379,No,No
2023-04-01,Saturday,1366,25011,No,No
2023-04-02,Sunday,1463,24517,No,No
2023-04-03,Monday,1309,24850,No,No
2023-04-04,Tuesday,1176,25314,No,No
2023-04-05,Wednesday,1173,24429,No,No
2023-04-06,Thursday,1269,25660,No,No
2023-04-07,Friday,1276,25172,No,No
2023-04-08,Saturday,1371,25847,No,No
2023-04-09,Sunday,1377,25016,No,No
2023-04-10,Monday,1184,25384,No,No
2023-04-11,Tuesday,1131,24422,No,No
2023-04-12,Wednesday,1153,25422,No,No
2023-04-13,Thursday,1149,25070,No,No
2023-04-14,Friday,1161,25267,No,No
2023-04-15,Saturday,1398,24807,No,No
2023-04-16,Sunday,1412,24951,No,No
2023-04-17,Monday,1278,25298,No,No
2023-04-18,Tuesday,1150,24526,No,No
2023-04-19,Wednesday,1249,25230,No,No
2023-04-20,Thursday,1189,24312,No,Yes
2023-04-21,Friday,1197,25416,No,No
2023-04-22,Saturday,1433,24769,No,Yes
2023-04-23,Sunday,1343,25655,No,No
2023-04-24,Monday,1218,25283,No,No
2023-04-25,Tuesday,1207,24611,No,No
2023-04-26,Wednesday,1223,25239,No,No
2023-04-27,Thursday,1212,25065,No,No
2023-04-28,Friday,1320,24651,No,No
2023-04-29,Saturday,1364,24800,No,No
2023-04-30,Sunday,1369,24305,No,No
2023-05-01,Monday,1164,25043,No,No
2023-05-02,Tuesday,1166,24065,No,No
2023-05-03,Wednesday,1161,24873,No,No
2023-05-04,Thursday,1252,24670,No,No
2023-05-05,Friday,1262,25117,No,No
2023-05-06,Saturday,1362,25000,No,No
2023-05-07,Sunday,1347,24959,No,No
2023-05-08,Monday,1211,25061,No,No
2023-05-09,Tuesday,1159,24832,No,No
2023-05-10,Wednesday,1217,24791,No,No
2023-05-11,Thursday,1194,24834,No,No
2023-05-12,Friday,1107,23798,No,No
2023-05-13,Saturday,1459,25308,No,No
2023-05-14,Sunday,1469,25199,No,No
2023-05-15,Monday,1148,23946,No,No
2023-05-16,Tuesday,1157,24292,No,No
2023-05-17,Wednesday,1189,24353,No,No
2023-05-18,Thursday,1190,24263,No,No
2023-05-19,Friday,1204,24454,No,No
2023-05-20,Saturday,1470,25358,No,No
2023-05-21,Sunday,1359,25137,No,No
2023-05-22,Monday,1126,23492,No,No
2023-05-23,Tuesday,1095,24411,No,No
2023-05-24,Wednesday,1125,24714,No,No
2023-05-25,Thursday,1158,24192,No,No
2023-05-26,Friday,1248,24492,No,No
2023-05-27,Saturday,1330,25299,No,No
2023-05-28,Sunday,1365,24750,No,No
2023-05-29,Monday,1150,23907,No,No
2023-05-30,Tuesday,1208,24248,No,No
2023-05-31,Wednesday,1273,23740,No,No
2023-06-01,Thursday,1118,23621,No,No
2023-06-02,Friday,1117,23373,No,No
2023-06-03,Saturday,1392,24669,No,No
2023-06-04,Sunday,1371,23416,No,No
2023-06-05,Monday,1227,24128,No,No
2023-06-06,Tuesday,1161,23548,No,No
2023-06-07,Wednesday,1111,22533,No,No
2023-06-08,Thursday,1156,23350,No,No
2023-06-09,Friday,1179,22049,No,No
2023-06-10,Saturday,1362,23744,No,No
2023-06-11,Sunday,1344,23805,No,No
2023-06-12,Monday,1169,22596,No,No
2023-06-13,Tuesday,1171,22883,No,No
2023-06-14,Wednesday,1179,23727,No,No
2023-06-15,Thursday,1140,22425,No,No
2023-06-16,Friday,1096,22075,No,No
2023-06-17,Saturday,1309,23672,No,No
2023-06-18,Sunday,1359,23837,No,No
2023-06-19,Monday,1054,22383,No,No
2023-06-20,Tuesday,1111,22810,No,No
2023-06-21,Wednesday,1069,22899,No,No
2023-06-22,Thursday,1087,21779,No,No
2023-06-23,Friday,1147,21830,No,Yes
2023-06-24,Saturday,1289,23009,No,No
2023-06-25,Sunday,1279,23157,No,No
2023-06-26,Monday,1005,22116,No,No
2023-06-27,Tuesday,1107,21314,No,No
2023-06-28,Wednesday,1099,22667,No,No
2023-06-29,Thursday,1172,21327,No,No
2023-06-30,Friday,1045,21343,No,No
2023-07-01,Saturday,1268,21999,No,No
2023-07-02,Sunday,1266,22522,No,No
2023-07-03,Monday,1129,21689,No,No
2023-07-04,Tuesday,1042,21386,No,No
2023-07-05,Wednesday,1058,21326,No,No
2023-07-06,Thursday,1071,21032,No,No
2023-07-07,Friday,1046,21205,No,No
2023-07-08,Saturday,1211,19976,No,No
2023-07-09,Sunday,1240,21008,No,No
2023-07-10,Monday,1081,20792,No,No
2023-07-11,Tuesday,972,20010,No,No
2023-07-12,Wednesday,1027,20693,No,No
2023-07-13,Thursday,982,20312,No,No
2023-07-14,Friday,1073,21206,No,No
2023-07-15,Saturday,1134,21429,No,No
2023-07-16,Sunday,1178,20323,No,No
2023-07-17,Monday,1022,19995,No,No
2023-07-18,Tuesday,1078,19947,No,No
2023-07-19,Wednesday,993,19672,No,No
2023-07-20,Thursday,965,19909,No,No
2023-07-21,Friday,1083,19347,No,No
2023-07-22,Saturday,1113,19475,No,No
2023-07-23,Sunday,1072,20265,No,Yes
2023-07-24,Monday,1001,19783,No,No
2023-07-25,Tuesday,950,18981,No,No
2023-07-26,Wednesday,921,19745,No,No
2023-07-27,Thursday,1004,18896,No,No
2023-07-28,Friday,977,19254,No,No
2023-07-29,Saturday,1134,19853,No,No
2023-07-30,Sunday,1094,19341,No,Yes
2023-07-31,Monday,1499,20102,Yes,No
2023-08-01,Tuesday,984,18532,No,No
2023-08-02,Wednesday,943,18609,No,No
2023-08-03,Thursday,1037,18521,No,No
2023-08-04,Friday,888,18168,No,No
2023-08-05,Saturday,1062,18771,No,No
2023-08-06,Sunday,1101,18003,No,No
2023-08-07,Monday,930,18051,No,No
2023-08-08,Tuesday,941,18073,No,No
2023-08-09,Wednesday,913,18007,No,No
2023-08-10,Thursday,940,17935,No,No
2023-08-11,Friday,856,17946,No,No
2023-08-12,Saturday,1188,18538,No,No
2023-08-13,Sunday,1109,18658,No,No
2023-08-14,Monday,966,17419,No,No
2023-08-15,Tuesday,924,17065,No,No
2023-08-16,Wednesday,926,17070,No,No
2023-08-17,Thursday,929,17272,No,No
2023-08-18,Friday,920,17266,No,No
2023-08-19,Saturday,1127,17383,No,No
2023-08-20,Sunday,1158,17047,No,No
2023-08-21,Monday,899,16995,No,No
2023-08-22,Tuesday,922,17243,No,No
2023-08-23,Wednesday,879,17379,No,No
2023-08-24,Thursday,952,16733,No,No
2023-08-25,Friday,844,16737,No,No
2023-08-26,Saturday,1165,16812,No,Yes
2023-08-27,Sunday,1070,17193,No,No
2023-08-28,Monday,798,16319,No,No
2023-08-29,Tuesday,874,16965,No,No
2023-08-30,Wednesday,831,15722,No,No
2023-08-31,Thursday,904,16372,No,No
2023-09-01,Friday,827,16640,No,No
2023-09-02,Saturday,1035,16921,No,No
2023-09-03,Sunday,960,18116,No,No
2023-09-04,Monday,830,16485,No,No
2023-09-05,Tuesday,729,15751,No,No
2023-09-06,Wednesday,769,16149,No,No
2023-09-07,Thursday,884,15253,No,No
2023-09-08,Friday,883,16047,No,No
2023-09-09,Saturday,1063,16017,No,No
2023-09-10,Sunday,991,16840,No,No
2023-09-11,Monday,835,15657,No,No
2023-09-12,Tuesday,835,15824,No,Yes
2023-09-13,Wednesday,775,15516,No,No
2023-09-14,Thursday,907,16656,No,No
2023-09-15,Friday,874,15580,No,No
2023-09-16,Saturday,1017,17013,No,No
2023-09-17,Sunday,1027,16460,No,No
2023-09-18,Monday,835,15852,No,No
2023-09-19,Tuesday,721,15755,No,No
2023-09-20,Wednesday,809,15728,No,No
2023-09-21,Thursday,786,14530,No,No
2023-09-22,Friday,768,15317,No,No
2023-09-23,Saturday,1003,16244,No,No
2023-09-24,Sunday,1105,15763,No,No
2023-09-25,Monday,846,14653,No,No
2023-09-26,Tuesday,784,15298,No,No
2023-09-27,Wednesday,840,16146,No,No
2023-09-28,Thursday,881,15889,No,No
2023-09-29,Friday,856,15208,No,No
2023-09-30,Saturday,1012,16089,No,No
2023-10-01,Sunday,975,15406,No,No
2023-10-02,Monday,842,14314,No,No
2023-10-03,Tuesday,825,14683,No,No
2023-10-04,Wednesday,850,15907,No,No
2023-10-05,Thursday,836,14970,No,No
2023-10-06,Friday,856,14968,No,No
2023-10-07,Saturday,976,15324,No,No
2023-10-08,Sunday,1068,16412,No,No
2023-10-09,Monday,812,15861,No,No
2023-10-10,Tuesday,905,16146,No,No
2023-10-11,Wednesday,767,14947,No,No
2023-10-12,Thursday,888,15166,No,No
2023-10-13,Friday,810,14254,No,No
2023-10-14,Saturday,968,16145,No,No
2023-10-15,Sunday,976,14819,No,No
2023-10-16,Monday,784,15109,No,No
2023-10-17,Tuesday,821,14451,No,No
2023-10-18,Wednesday,826,14706,No,No
2023-10-19,Thursday,771,14584,No,No
2023-10-20,Friday,799,14703,No,No
2023-10-21,Saturday,1108,15142,No,No
2023-10-22,Sunday,1087,15144,No,No
2023-10-23,Monday,823,15443,No,No
2023-10-24,Tuesday,803,14484,No,No
2023-10-25,Wednesday,808,15157,No,No
2023-10-26,Thursday,833,15669,No,Yes
2023-10-27,Friday,752,14817,No,No
2023-10-28,Saturday,991,15130,No,No
2023-10-29,Sunday,921,15391,No,No
2023-10-30,Monday,825,15714,No,No
2023-10-31,Tuesday,838,15241,No,No
2023-11-01,Wednesday,782,14900,No,No
2023-11-02,Thursday,886,15430,No,Yes
2023-11-03,Friday,747,14661,No,No
2023-11-04,Saturday,936,15979,No,No
2023-11-05,Sunday,1022,15869,No,No
2023-11-06,Monday,864,15139,No,No
2023-11-07,Tuesday,897,14904,No,No
2023-11-08,Wednesday,791,14911,No,No
2023-11-09,Thursday,869,15654,No,No
2023-11-10,Friday,815,16035,No,No
2023-11-11,Saturday,1010,15537,No,No
2023-11-12,Sunday,1064,16122,No,No
2023-11-13,Monday,854,14487,No,Yes
2023-11-14,Tuesday,744,15277,No,No
2023-11-15,Wednesday,898,15595,No,No
2023-11-16,Thursday,895,15197,No,No
2023-11-17,Friday,797,15227,No,No
2023-11-18,Saturday,1049,15806,No,No
2023-11-19,Sunday,1056,16332,No,No
2023-11-20,Monday,846,15739,No,No
2023-11-21,Tuesday,808,14762,No,Yes
2023-11-22,Wednesday,804,14870,No,No
2023-11-23,Thursday,838,15677,No,No
2023-11-24,Friday,900,16261,No,No
2023-11-25,Saturday,1071,15112,No,No
2023-11-26,Sunday,1027,16290,No,No
2023-11-27,Monday,886,15932,No,No
2023-11-28,Tuesday,708,16946,No,Yes
2023-11-29,Wednesday,910,16116,No,No
2023-11-30,Thursday,768,16559,No,No
2023-12-01,Friday,839,16498,No,No
2023-12-02,Saturday,1004,15823,No,No
2023-12-03,Sunday,997,17334,No,No
2023-12-04,Monday,923,16720,No,No
2023-12-05,Tuesday,844,16931,No,No
2023-12-06,Wednesday,887,18705,No,No
2023-12-07,Thursday,870,15765,No,No
2023-12-08,Friday,899,17736,No,No
2023-12-09,Saturday,1082,17198,No,No
2023-12-10,Sunday,1016,17554,No,No
2023-12-11,Monday,933,17057,No,No
2023-12-12,Tuesday,861,16938,No,No
2023-12-13,Wednesday,811,16936,No,No
2023-12-14,Thursday,870,17458,No,No
2023-12-15,Friday,970,16607,No,No
2023-12-16,Saturday,1140,18215,No,No
2023-12-17,Sunday,1083,17706,No,No
2023-12-18,Monday,886,17024,No,No
2023-12-19,Tuesday,891,17440,No,No
2023-12-20,Wednesday,1013,18370,No,No
2023-12-21,Thursday,932,17551,No,No
2023-12-22,Friday,937,18075,No,No
2023-12-23,Saturday,1171,18009,No,No
2023-12-24,Sunday,1134,18833,No,No
2023-12-25,Monday,912,18476,No,No
2023-12-26,Tuesday,919,19138,No,No
2023-12-27,Wednesday,928,18206,No,No
2023-12-28,Thursday,933,18710,No,No
2023-12-29,Friday,975,18506,No,No
2023-12-30,Saturday,1144,19587,No,No
2023-12-31,Sunday,1682,19662,Yes,No
2024-01-01,Monday,944,19077,No,No
2024-01-02,Tuesday,955,18691,No,No
2024-01-03,Wednesday,855,18840,No,No
2024-01-04,Thursday,1004,19002,No,No
2024-01-05,Friday,979,19166,No,No
2024-01-06,Saturday,1215,19467,No,No
2024-01-07,Sunday,1024,19717,No,No
2024-01-08,Monday,1076,20084,No,No
2024-01-09,Tuesday,968,19873,No,No
2024-01-10,Wednesday,1034,19900,No,No
2024-01-11,Thursday,930,19324,No,No
2024-01-12,Friday,1016,19193,No,No
2024-01-13,Saturday,1136,20601,No,No
2024-01-14,Sunday,1161,20647,No,No
2024-01-15,Monday,1092,20632,No,No
2024-01-16,Tuesday,990,19680,No,No
2024-01-17,Wednesday,1014,19953,No,Yes
2024-01-18,Thursday,1050,19334,No,No
2024-01-19,Friday,1034,20044,No,No
2024-01-20,Saturday,1221,21224,No,No
2024-01-21,Sunday,1235,20578,No,No
2024-01-22,Monday,1140,20818,No,No
2024-01-23,Tuesday,1020,20488,No,No
2024-01-24,Wednesday,1037,20831,No,No
2024-01-25,Thursday,1083,20180,No,No
2024-01-26,Friday,1089,20881,No,No
2024-01-27,Saturday,1296,19828,No,No
2024-01-28,Sunday,1272,21315,No,No
2024-01-29,Monday,987,20277,No,No
2024-01-30,Tuesday,1129,21779,No,No
2024-01-31,Wednesday,1493,22648,Yes,No
2024-02-01,Thursday,1069,21576,No,No
2024-02-02,Friday,1019,22186,No,No
2024-02-03,Saturday,1257,21433,No,No
2024-02-04,Sunday,1280,22863,No,No
2024-02-05,Monday,1083,22137,No,No
2024-02-06,Tuesday,1091,21634,No,No
2024-02-07,Wednesday,1154,22400,No,No
2024-02-08,Thursday,1099,21359,No,No
2024-02-09,Friday,1067,21579,No,No
2024-02-10,Saturday,1331,22166,No,No
2024-02-11,Sunday,1345,22284,No,No
2024-02-12,Monday,1028,21698,No,No
2024-02-13,Tuesday,1122,22914,No,No
2024-02-14,Wednesday,1130,22249,No,No
2024-02-15,Thursday,1083,22630,No,No
2024-02-16,Friday,1170,22244,No,No
2024-02-17,Saturday,1297,22092,No,No
2024-02-18,Sunday,1313,23211,No,No
2024-02-19,Monday,1101,21792,No,No
2024-02-20,Tuesday,1114,22785,No,Yes
2024-02-21,Wednesday,1061,22206,No,Yes
2024-02-22,Thursday,1046,23954,No,No
2024-02-23,Friday,1201,23485,No,No
2024-02-24,Saturday,1282,23550,No,No
2024-02-25,Sunday,1277,24196,No,No
2024-02-26,Monday,1022,22807,No,No
2024-02-27,Tuesday,1100,23568,No,No
2024-02-28,Wednesday,1068,23460,No,No
2024-02-29,Thursday,1219,23555,No,No
2024-03-01,Friday,1190,24122,No,No
2024-03-02,Saturday,1307,24313,No,No
2024-03-03,Sunday,1457,24151,No,No
2024-03-04,Monday,1196,22839,No,No
2024-03-05,Tuesday,1133,23244,No,No
2024-03-06,Wednesday,1026,23720,No,No
2024-03-07,Thursday,1268,23884,No,No
2024-03-08,Friday,1086,23326,No,Yes
2024-03-09,Saturday,1276,25551,No,Yes
2024-03-10,Sunday,1411,25155,No,No
2024-03-11,Monday,1284,24349,No,No
2024-03-12,Tuesday,1233,24134,No,No
2024-03-13,Wednesday,1194,24041,No,No
2024-03-14,Thursday,1198,23719,No,Yes
2024-03-15,Friday,1212,24280,No,No
2024-03-16,Saturday,1409,24815,No,No
2024-03-17,Sunday,1387,24109,No,No
2024-03-18,Monday,1180,24539,No,No
2024-03-19,Tuesday,1173,24335,No,No
2024-03-20,Wednesday,1140,23499,No,No
2024-03-21,Thursday,1166,24061,No,No
2024-03-22,Friday,1096,24322,No,No
2024-03-23,Saturday,1378,25908,No,No
2024-03-24,Sunday,1335,25277,No,No
2024-03-25,Monday,1130,23964,No,No
2024-03-26,Tuesday,1196,24907,No,No
2024-03-27,Wednesday,1257,23920,No,No
2024-03-28,Thursday,1235,25264,No,No
2024-03-29,Friday,1112,24515,No,No
2024-03-30,Saturday,1342,25130,No,No
2024-03-31,Sunday,1439,25864,No,No
2024-04-01,Monday,1144,24181,No,No
2024-04-02,Tuesday,1183,24148,No,No
2024-04-03,Wednesday,1222,24575,No,No
2024-04-04,Thursday,1147,25405,No,No
2024-04-05,Friday,1201,24144,No,No
2024-04-06,Saturday,1330,23904,No,No
2024-04-07,Sunday,1367,25109,No,No
2024-04-08,Monday,1214,25223,No,No
2024-04-09,Tuesday,1119,25559,No,Yes
2024-04-10,Wednesday,1221,24738,No,No
2024-04-11,Thursday,1198,24773,No,No
2024-04-12,Friday,1227,25563,No,No
2024-04-13,Saturday,1411,24456,No,No
2024-04-14,Sunday,1468,25201,No,No
2024-04-15,Monday,1206,25094,No,No
2024-04-16,Tuesday,1179,25224,No,No
2024-04-17,Wednesday,1206,24745,No,No
2024-04-18,Thursday,1227,25015,No,No
2024-04-19,Friday,1202,23751,No,No
2024-04-20,Saturday,1402,25061,No,No
2024-04-21,Sunday,1364,25611,No,No
2024-04-22,Monday,1166,24486,No,No
2024-04-23,Tuesday,1129,24997,No,Yes
2024-04-24,Wednesday,1286,25181,No,No
2024-04-25,Thursday,1136,24774,No,No
2024-04-26,Friday,1163,25017,No,No
2024-04-27,Saturday,1361,24836,No,No
2024-04-28,Sunday,1441,25197,No,No
2024-04-29,Monday,1181,25188,No,No
2024-04-30,Tuesday,1257,24942,No,No
2024-05-01,Wednesday,1160,24550,No,No
2024-05-02,Thursday,1207,24933,No,No
2024-05-03,Friday,1150,25155,No,No
2024-05-04,Saturday,1498,24147,No,No
2024-05-05,Sunday,1330,25726,No,No
2024-05-06,Monday,1204,24550,No,No
2024-05-07,Tuesday,1219,24902,No,No
2024-05-08,Wednesday,1207,25257,No,No
2024-05-09,Thursday,1176,23941,No,No
2024-05-10,Friday,1177,24238,No,Yes
2024-05-11,Saturday,1385,24814,No,No
2024-05-12,Sunday,1374,24530,No,No
2024-05-13,Monday,1228,25352,No,No
2024-05-14,Tuesday,1288,24018,No,No
2024-05-15,Wednesday,1148,24128,No,No
2024-05-16,Thursday,1106,24467,No,No
2024-05-17,Friday,1168,23721,No,No
2024-05-18,Saturday,1500,24480,No,No
2024-05-19,Sunday,1329,24792,No,No
2024-05-20,Monday,1249,24020,No,No
2024-05-21,Tuesday,1249,24092,No,Yes
2024-05-22,Wednesday,1136,23825,No,No
2024-05-23,Thursday,1190,23282,No,No
2024-05-24,Friday,1241,24149,No,No
2024-05-25,Saturday,1338,25213,No,No
2024-05-26,Sunday,1345,24291,No,No
2024-05-27,Monday,1124,23940,No,No
2024-05-28,Tuesday,1100,24118,No,No
2024-05-29,Wednesday,1116,23080,No,Yes
2024-05-30,Thursday,1085,24507,No,No
2024-05-31,Friday,1146,23698,No,No
2024-06-01,Saturday,1303,24752,No,No
2024-06-02,Sunday,1351,23508,No,No
2024-06-03,Monday,1059,24322,No,No
2024-06-04,Tuesday,1151,23737,No,No
2024-06-05,Wednesday,1173,23561,No,No
2024-06-06,Thursday,1029,23336,No,No
2024-06-07,Friday,1145,23029,No,No
2024-06-08,Saturday,1385,24086,No,No
2024-06-09,Sunday,1260,23488,No,No
2024-06-10,Monday,1202,21965,No,No
2024-06-11,Tuesday,1136,22320,No,Yes
2024-06-12,Wednesday,1077,22715,No,No
2024-06-13,Thursday,1107,22891,No,No
2024-06-14,Friday,1134,22635,No,No
2024-06-15,Saturday,1307,23599,No,No
2024-06-16,Sunday,1328,21940,No,No
2024-06-17,Monday,1052,22513,No,No
2024-06-18,Tuesday,1103,21457,No,No
2024-06-19,Wednesday,1021,22669,No,No
2024-06-20,Thursday,1083,22165,No,No
2024-06-21,Friday,1040,22345,No,No
2024-06-22,Saturday,1245,22025,No,Yes
2024-06-23,Sunday,1341,23018,No,No
2024-06-24,Monday,1131,22419,No,No
2024-06-25,Tuesday,1103,22110,No,No
2024-06-26,Wednesday,1015,21673,No,No
2024-06-27,Thursday,1050,21947,No,No
2024-06-28,Friday,1124,21222,No,No
2024-06-29,Saturday,1267,22322,No,No
2024-06-30,Sunday,1372,22636,No,No
2024-07-01,Monday,1073,21864,No,No
2024-07-02,Tuesday,1059,20880,No,No
2024-07-03,Wednesday,1031,21342,No,No
2024-07-04,Thursday,1050,20431,No,No
2024-07-05,Friday,1032,21280,No,No
2024-07-06,Saturday,1272,21534,No,No
2024-07-07,Sunday,1281,20289,No,No
2024-07-08,Monday,990,20158,No,Yes
2024-07-09,Tuesday,960,20512,No,No
2024-07-10,Wednesday,931,20418,No,No
2024-07-11,Thursday,1045,19878,No,No
2024-07-12,Friday,961,20591,No,No
2024-07-13,Saturday,1105,20837,No,No
2024-07-14,Sunday,1228,20528,No,No
2024-07-15,Monday,1130,19761,No,No
2024-07-16,Tuesday,1002,20577,No,No
2024-07-17,Wednesday,1041,20794,No,No
2024-07-18,Thursday,999,19639,No,No
2024-07-19,Friday,987,19488,No,No
2024-07-20,Saturday,1234,20354,No,No
2024-07-21,Sunday,1170,19844,No,No
2024-07-22,Monday,995,19467,No,No
2024-07-23,Tuesday,994,19821,No,No
2024-07-24,Wednesday,941,18411,No,No
2024-07-25,Thursday,1021,19939,No,No
2024-07-26,Friday,959,19232,No,No
2024-07-27,Saturday,1127,19305,No,No
2024-07-28,Sunday,1188,19381,No,No
2024-07-29,Monday,913,18923,No,Yes
2024-07-30,Tuesday,956,17992,No,No
2024-07-31,Wednesday,1450,20521,Yes,No
2024-08-01,Thursday,1002,18711,No,No
2024-08-02,Friday,968,18829,No,No
2024-08-03,Saturday,1140,19401,No,No
2024-08-04,Sunday,1179,18332,No,No
2024-08-05,Monday,1004,18598,No,No
2024-08-06,Tuesday,959,18146,No,No
2024-08-07,Wednesday,929,18623,No,No
2024-08-08,Thursday,859,17056,No,No
2024-08-09,Friday,868,17991,No,No
2024-08-10,Saturday,1103,18060,No,No
2024-08-11,Sunday,1085,18499,No,No
2024-08-12,Monday,903,18040,No,No
2024-08-13,Tuesday,912,17374,No,No
2024-08-14,Wednesday,933,17296,No,No
2024-08-15,Thursday,900,17521,No,No
2024-08-16,Friday,924,17053,No,No
2024-08-17,Saturday,1100,18248,No,No
2024-08-18,Sunday,995,17569,No,No
2024-08-19,Monday,844,15827,No,Yes
2024-08-20,Tuesday,881,17021,No,No
2024-08-21,Wednesday,825,16619,No,No
2024-08-22,Thursday,913,16252,No,No
2024-08-23,Friday,956,16380,No,No
2024-08-24,Saturday,1138,17385,No,No
2024-08-25,Sunday,1064,17927,No,No
2024-08-26,Monday,946,16952,No,No
2024-08-27,Tuesday,877,16427,No,No
2024-08-28,Wednesday,850,16893,No,No
2024-08-29,Thursday,833,16372,No,No
2024-08-30,Friday,846,16192,No,No
2024-08-31,Saturday,1040,16300,No,No
2024-09-01,Sunday,1065,15941,No,No
2024-09-02,Monday,862,16162,No,No
2024-09-03,Tuesday,852,16378,No,No
2024-09-04,Wednesday,872,16193,No,No
2024-09-05,Thursday,907,15977,No,No
2024-09-06,Friday,893,15657,No,Yes
2024-09-07,Saturday,969,16780,No,No
2024-09-08,Sunday,913,15765,No,No
2024-09-09,Monday,886,16360,No,No
2024-09-10,Tuesday,769,15420,No,No
2024-09-11,Wednesday,824,15496,No,Yes
2024-09-12,Thursday,774,15091,No,No
2024-09-13,Friday,741,15527,No,No
2024-09-14,Saturday,1056,16620,No,No
2024-09-15,Sunday,1065,16346,No,No
2024-09-16,Monday,797,16134,No,No
2024-09-17,Tuesday,695,15864,No,No
2024-09-18,Wednesday,795,15011,No,No
2024-09-19,Thursday,841,15358,No,No
2024-09-20,Friday,745,15096,No,No
2024-09-21,Saturday,1027,16515,No,Yes
2024-09-22,Sunday,1016,15216,No,No
2024-09-23,Monday,844,15828,No,Yes
2024-09-24,Tuesday,820,15795,No,No
2024-09-25,Wednesday,764,16233,No,No
2024-09-26,Thursday,871,15084,No,No
2024-09-27,Friday,802,15616,No,No
2024-09-28,Saturday,1008,16774,No,No
2024-09-29,Sunday,962,15299,No,No
2024-09-30,Monday,785,14417,No,No
2024-10-01,Tuesday,762,14222,No,No
2024-10-02,Wednesday,797,15497,No,No
2024-10-03,Thursday,890,14180,No,No
2024-10-04,Friday,736,14917,No,No
2024-10-05,Saturday,923,15705,No,Yes
2024-10-06,Sunday,1076,15564,No,No
2024-10-07,Monday,792,15270,No,No
2024-10-08,Tuesday,768,15156,No,No
2024-10-09,Wednesday,853,15674,No,No
2024-10-10,Thursday,771,14549,No,No
2024-10-11,Friday,892,14679,No,No
2024-10-12,Saturday,1034,15024,No,No
2024-10-13,Sunday,976,15821,No,No
2024-10-14,Monday,908,15453,No,No
2024-10-15,Tuesday,770,15226,No,No
2024-10-16,Wednesday,837,15592,No,No
2024-10-17,Thursday,815,14412,No,No
2024-10-18,Friday,865,15837,No,No
2024-10-19,Saturday,1078,16169,No,No
2024-10-20,Sunday,1002,15781,No,No
2024-10-21,Monday,763,15911,No,No
2024-10-22,Tuesday,824,14200,No,No
2024-10-23,Wednesday,768,14776,No,No
2024-10-24,Thursday,903,14682,No,No
2024-10-25,Friday,809,15423,No,No
2024-10-26,Saturday,985,14952,No,No
2024-10-27,Sunday,1013,15871,No,No
2024-10-28,Monday,737,15795,No,No
2024-10-29,Tuesday,757,15476,No,No
2024-10-30,Wednesday,866,15290,No,No
2024-10-31,Thursday,774,14676,No,No
2024-11-01,Friday,755,14770,No,No
2024-11-02,Saturday,1036,16242,No,No
2024-11-03,Sunday,1069,16033,No,No
2024-11-04,Monday,847,15251,No,No
2024-11-05,Tuesday,862,15090,No,No
2024-11-06,Wednesday,775,14316,No,No
2024-11-07,Thursday,743,14825,No,No
2024-11-08,Friday,891,16349,No,No
2024-11-09,Saturday,1001,15187,No,No
2024-11-10,Sunday,1006,15958,No,Yes
2024-11-11,Monday,886,16004,No,No
2024-11-12,Tuesday,849,14911,No,No
2024-11-13,Wednesday,846,15670,No,No
2024-11-14,Thursday,933,16088,No,No
2024-11-15,Friday,794,15667,No,No
2024-11-16,Saturday,1075,17538,No,No
2024-11-17,Sunday,1033,15315,No,No
2024-11-18,Monday,845,16324,No,No
2024-11-19,Tuesday,910,15756,No,No
2024-11-20,Wednesday,861,16276,No,No
2024-11-21,Thursday,865,16161,No,No
2024-11-22,Friday,893,15624,No,No
2024-11-23,Saturday,1023,16558,No,No
2024-11-24,Sunday,1002,15567,No,No
2024-11-25,Monday,794,16452,No,No
2024-11-26,Tuesday,750,16355,No,No
2024-11-27,Wednesday,953,16582,No,No
2024-11-28,Thursday,798,16850,No,No
2024-11-29,Friday,844,16563,No,No
2024-11-30,Saturday,1044,16913,No,No
2024-12-01,Sunday,1075,16460,No,Yes
2024-12-02,Monday,903,16206,No,No
2024-12-03,Tuesday,908,17219,No,No
2024-12-04,Wednesday,838,17408,No,No
2024-12-05,Thursday,862,16635,No,No
2024-12-06,Friday,887,16843,No,No
2024-12-07,Saturday,1063,16835,No,No
2024-12-08,Sunday,1159,17942,No,Yes
2024-12-09,Monday,906,17357,No,No
2024-12-10,Tuesday,920,18064,No,No
2024-12-11,Wednesday,920,16725,No,No
2024-12-12,Thursday,948,17046,No,No
2024-12-13,Friday,901,17423,No,No
2024-12-14,Saturday,1030,18104,No,No
2024-12-15,Sunday,1118,17747,No,No
2024-12-16,Monday,869,17092,No,No
2024-12-17,Tuesday,878,18045,No,No
2024-12-18,Wednesday,937,18041,No,No
2024-12-19,Thursday,972,17298,No,No
2024-12-20,Friday,914,18512,No,No
2024-12-21,Saturday,1132,18897,No,No
2024-12-22,Sunday,1205,18458,No,No
2024-12-23,Monday,935,18109,No,No
2024-12-24,Tuesday,1056,18426,No,No
2024-12-25,Wednesday,957,17799,No,No
2024-12-26,Thursday,844,18325,No,No
2024-12-27,Friday,973,17315,No,No
2024-12-28,Saturday,1158,19312,No,Yes
2024-12-29,Sunday,1207,18175,No,No
2024-12-30,Monday,979,19390,No,No
2024-12-31,Tuesday,1442,19556,Yes,No
2025-01-01,Wednesday,891,18699,No,No
2025-01-02,Thursday,945,18575,No,No
2025-01-03,Friday,916,18829,No,No
2025-01-04,Saturday,1133,20166,No,No
2025-01-05,Sunday,1195,18298,No,No
2025-01-06,Monday,1053,19865,No,No
2025-01-07,Tuesday,992,19481,No,No
2025-01-08,Wednesday,916,18794,No,No
2025-01-09,Thursday,1002,18945,No,No
2025-01-10,Friday,1043,20407,No,No
2025-01-11,Saturday,1156,19582,No,No
2025-01-12,Sunday,1183,19564,No,No
2025-01-13,Monday,994,20395,No,No
2025-01-14,Tuesday,957,20082,No,No
2025-01-15,Wednesday,1032,19530,No,No
2025-01-16,Thursday,997,20193,No,No
2025-01-17,Friday,1028,19658,No,No
2025-01-18,Saturday,1166,21207,No,No
2025-01-19,Sunday,1192,21274,No,No
2025-01-20,Monday,1053,20695,No,No
2025-01-21,Tuesday,1002,20695,No,No
2025-01-22,Wednesday,1110,21481,No,No
2025-01-23,Thursday,1007,20685,No,No
2025-01-24,Friday,1042,20180,No,No
2025-01-25,Saturday,1281,21480,No,No
2025-01-26,Sunday,1167,22383,No,No
2025-01-27,Monday,953,20518,No,No
2025-01-28,Tuesday,968,20928,No,No
2025-01-29,Wednesday,1111,21401,No,No
2025-01-30,Thursday,1023,21249,No,No
2025-01-31,Friday,1682,21868,Yes,No
2025-02-01,Saturday,1229,22403,No,No
2025-02-02,Sunday,1270,23084,No,No
2025-02-03,Monday,1141,21704,No,No
2025-02-04,Tuesday,1168,21235,No,No
2025-02-05,Wednesday,1174,20994,No,No
2025-02-06,Thursday,1134,21977,No,No
2025-02-07,Friday,1128,22480,No,No
2025-02-08,Saturday,1310,22645,No,No
2025-02-09,Sunday,1322,22485,No,No
2025-02-10,Monday,1059,21869,No,No
2025-02-11,Tuesday,1049,21695,No,Yes
2025-02-12,Wednesday,1093,22735,No,No
2025-02-13,Thursday,1087,22851,No,No
2025-02-14,Friday,1076,21696,No,No
2025-02-15,Saturday,1337,23738,No,No
2025-02-16,Sunday,1352,23304,No,No
2025-02-17,Monday,1112,23390,No,No
2025-02-18,Tuesday,1184,22091,No,No
2025-02-19,Wednesday,1056,22151,No,No
2025-02-20,Thursday,1106,22830,No,No
2025-02-21,Friday,1083,23225,No,No
2025-02-22,Saturday,1228,24341,No,No
2025-02-23,Sunday,1320,23864,No,No
2025-02-24,Monday,1121,23056,No,No
2025-02-25,Tuesday,1205,22731,No,No
2025-02-26,Wednesday,1164,23924,No,No
2025-02-27,Thursday,1084,22890,No,No
2025-02-28,Friday,1230,24250,No,No
2025-03-01,Saturday,1401,23756,No,No
2025-03-02,Sunday,1371,24754,No,No
2025-03-03,Monday,1133,23958,No,No
2025-03-04,Tuesday,1099,23609,No,No
2025-03-05,Wednesday,1131,23476,No,No
2025-03-06,Thursday,1206,23622,No,No
2025-03-07,Friday,1248,24062,No,No
2025-03-08,Saturday,1433,24341,No,No
2025-03-09,Sunday,1334,24059,No,No
2025-03-10,Monday,1104,23925,No,No
2025-03-11,Tuesday,1169,24098,No,No
2025-03-12,Wednesday,1076,23044,No,No
2025-03-13,Thursday,1182,24386,No,No
2025-03-14,Friday,1161,23714,No,No
2025-03-15,Saturday,1347,24073,No,No
2025-03-16,Sunday,1292,23851,No,No
2025-03-17,Monday,1199,23441,No,No
2025-03-18,Tuesday,1149,23703,No,Yes
2025-03-19,Wednesday,1118,24067,No,No
2025-03-20,Thursday,1035,25437,No,No
2025-03-21,Friday,1179,24236,No,No
2025-03-22,Saturday,1470,25025,No,No
2025-03-23,Sunday,1466,25172,No,No
2025-03-24,Monday,1161,24671,No,No
2025-03-25,Tuesday,1155,24600,No,No
2025-03-26,Wednesday,1210,24072,No,No
2025-03-27,Thursday,1138,25425,No,No
2025-03-28,Friday,1204,25632,No,Yes
2025-03-29,Saturday,1429,24315,No,No
2025-03-30,Sunday,1453,24670,No,No
2025-03-31,Monday,1187,24666,No,No
2025-04-01,Tuesday,1183,24347,No,No
2025-04-02,Wednesday,1150,25104,No,No
2025-04-03,Thursday,1153,24507,No,No
2025-04-04,Friday,1184,25972,No,No
2025-04-05,Saturday,1415,25902,No,No
2025-04-06,Sunday,1443,25429,No,No
2025-04-07,Monday,1157,25451,No,No
2025-04-08,Tuesday,1273,25503,No,No
2025-04-09,Wednesday,1185,24679,No,No
2025-04-10,Thursday,1198,24563,No,No
2025-04-11,Friday,1162,25019,No,No
2025-04-12,Saturday,1278,25818,No,No
2025-04-13,Sunday,1444,25462,No,No
2025-04-14,Monday,1237,24208,No,No
2025-04-15,Tuesday,1186,24597,No,No
2025-04-16,Wednesday,1203,24963,No,No
2025-04-17,Thursday,1226,24962,No,No
2025-04-18,Friday,1122,25984,No,No
2025-04-19,Saturday,1373,24701,No,No
2025-04-20,Sunday,1439,25642,No,No
2025-04-21,Monday,1137,25728,No,No
2025-04-22,Tuesday,1214,26111,No,No
2025-04-23,Wednesday,1131,24764,No,No
2025-04-24,Thursday,1222,25201,No,No
2025-04-25,Friday,1196,25228,No,No
2025-04-26,Saturday,1316,25427,No,No
2025-04-27,Sunday,1455,25265,No,No
2025-04-28,Monday,1159,25115,No,No
2025-04-29,Tuesday,1155,23613,No,No
2025-04-30,Wednesday,1204,25201,No,No
2025-05-01,Thursday,1251,24902,No,No
2025-05-02,Friday,1142,24705,No,No
2025-05-03,Saturday,1395,26216,No,No
2025-05-04,Sunday,1412,24830,No,No
2025-05-05,Monday,1224,24539,No,No
2025-05-06,Tuesday,1197,25708,No,No
2025-05-07,Wednesday,1169,24267,No,No
2025-05-08,Thursday,1145,24377,No,No
2025-05-09,Friday,1189,24546,No,No
2025-05-10,Saturday,1330,25407,No,No
2025-05-11,Sunday,1236,25055,No,No
2025-05-12,Monday,1202,23869,No,No
2025-05-13,Tuesday,1224,24211,No,No
2025-05-14,Wednesday,1059,24135,No,No
2025-05-15,Thursday,1125,24359,No,No
2025-05-16,Friday,1205,24569,No,No
2025-05-17,Saturday,1475,24923,No,No
2025-05-18,Sunday,1372,23781,No,No
2025-05-19,Monday,1133,24756,No,No
2025-05-20,Tuesday,1158,24303,No,No
2025-05-21,Wednesday,1234,24821,No,No
2025-05-22,Thursday,1131,24302,No,No
2025-05-23,Friday,1121,24580,No,No
2025-05-24,Saturday,1335,24611,No,No
2025-05-25,Sunday,1309,24998,No,No
2025-05-26,Monday,1161,24132,No,No
2025-05-27,Tuesday,1234,23767,No,No
2025-05-28,Wednesday,1167,24896,No,No
2025-05-29,Thursday,1135,24147,No,No
2025-05-30,Friday,1131,23931,No,No
2025-05-31,Saturday,1265,23347,No,Yes
2025-06-01,Sunday,1385,23280,No,No
2025-06-02,Monday,1135,23609,No,No
2025-06-03,Tuesday,1127,23473,No,No
2025-06-04,Wednesday,1293,23029,No,No
2025-06-05,Thursday,1146,23342,No,No
2025-06-06,Friday,1091,24000,No,No
2025-06-07,Saturday,1304,23887,No,No
2025-06-08,Sunday,1380,22902,No,No
2025-06-09,Monday,1126,22948,No,No
2025-06-10,Tuesday,1045,22532,No,No
2025-06-11,Wednesday,1161,22670,No,No
2025-06-12,Thursday,1078,22586,No,No
2025-06-13,Friday,1203,22483,No,No
2025-06-14,Saturday,1360,22421,No,No
2025-06-15,Sunday,1281,22911,No,No
2025-06-16,Monday,1164,22221,No,No
2025-06-17,Tuesday,1100,20961,No,Yes
2025-06-18,Wednesday,1137,23377,No,No
2025-06-19,Thursday,1115,22818,No,No
2025-06-20,Friday,1046,22009,No,No
2025-06-21,Saturday,1253,22529,No,No
2025-06-22,Sunday,1333,21855,No,No
2025-06-23,Monday,1062,22810,No,No
2025-06-24,Tuesday,1055,22831,No,No
2025-06-25,Wednesday,1024,21881,No,No
2025-06-26,Thursday,1090,22234,No,No
2025-06-27,Friday,1169,21729,No,No
2025-06-28,Saturday,1209,21291,No,No
2025-06-29,Sunday,1260,21671,No,No
2025-06-30,Monday,1126,21461,No,No
2025-07-01,Tuesday,1048,21085,No,No
2025-07-02,Wednesday,1072,21119,No,No
2025-07-03,Thursday,993,21099,No,No
2025-07-04,Friday,1064,21021,No,No
2025-07-05,Saturday,1230,21403,No,No
2025-07-06,Sunday,1285,20762,No,No
2025-07-07,Monday,1092,20449,No,No
2025-07-08,Tuesday,1158,20080,No,No
2025-07-09,Wednesday,1054,21126,No,No
2025-07-10,Thursday,1038,19498,No,No
2025-07-11,Friday,1028,21042,No,No
2025-07-12,Saturday,1198,21473,No,No
2025-07-13,Sunday,1229,20543,No,No
2025-07-14,Monday,994,18906,No,No
2025-07-15,Tuesday,1013,19941,No,No
2025-07-16,Wednesday,1067,20004,No,No
2025-07-17,Thursday,948,19444,No,No
2025-07-18,Friday,1052,19606,No,No
2025-07-19,Saturday,1257,20942,No,No
2025-07-20,Sunday,1182,20424,No,No
2025-07-21,Monday,878,19143,No,No
2025-07-22,Tuesday,950,18721,No,No
2025-07-23,Wednesday,1042,19271,No,No
2025-07-24,Thursday,973,19242,No,No
2025-07-25,Friday,921,19511,No,No
2025-07-26,Saturday,1142,19311,No,No
2025-07-27,Sunday,1206,19749,No,No
2025-07-28,Monday,988,19976,No,No
2025-07-29,Tuesday,945,19332,No,No
2025-07-30,Wednesday,935,18817,No,No
2025-07-31,Thursday,1431,19665,Yes,No
2025-08-01,Friday,901,18495,No,No
2025-08-02,Saturday,1224,19581,No,No
2025-08-03,Sunday,1124,18595,No,No
2025-08-04,Monday,998,18449,No,No
2025-08-05,Tuesday,1010,18371,No,No
2025-08-06,Wednesday,980,18013,No,No
2025-08-07,Thursday,906,17497,No,No
2025-08-08,Friday,944,18265,No,No
2025-08-09,Saturday,1120,18394,No,No
2025-08-10,Sunday,1073,18596,No,No
2025-08-11,Monday,931,17600,No,No
2025-08-12,Tuesday,853,18400,No,No
2025-08-13,Wednesday,968,17274,No,No
2025-08-14,Thursday,882,18493,No,No
2025-08-15,Friday,912,16687,No,No
2025-08-16,Saturday,1114,18104,No,No
2025-08-17,Sunday,1084,18050,No,No
2025-08-18,Monday,923,16941,No,No
2025-08-19,Tuesday,867,17478,No,No
2025-08-20,Wednesday,931,17834,No,No
2025-08-21,Thursday,818,16015,No,No
2025-08-22,Friday,888,17305,No,No
2025-08-23,Saturday,1176,16138,No,Yes
2025-08-24,Sunday,1027,16833,No,No
2025-08-25,Monday,840,17664,No,No
2025-08-26,Tuesday,897,16492,No,No
2025-08-27,Wednesday,878,16130,No,No
2025-08-28,Thursday,884,16554,No,No
2025-08-29,Friday,888,17623,No,No
2025-08-30,Saturday,1093,16011,No,No
2025-08-31,Sunday,1114,16340,No,No
2025-09-01,Monday,877,17154,No,No
2025-09-02,Tuesday,842,17274,No,No
2025-09-03,Wednesday,885,16236,No,Yes
2025-09-04,Thursday,944,15611,No,No
2025-09-05,Friday,840,17222,No,No
2025-09-06,Saturday,996,17317,No,No
2025-09-07,Sunday,1098,16805,No,No
2025-09-08,Monday,835,15607,No,No
2025-09-09,Tuesday,730,15937,No,No
2025-09-10,Wednesday,879,15831,No,No
2025-09-11,Thursday,808,16028,No,No
2025-09-12,Friday,828,16540,No,No
2025-09-13,Saturday,1047,16608,No,No
2025-09-14,Sunday,1038,15584,No,No
2025-09-15,Monday,863,16367,No,No
2025-09-16,Tuesday,804,15793,No,No
2025-09-17,Wednesday,849,15939,No,No
2025-09-18,Thursday,809,16288,No,No
2025-09-19,Friday,858,14960,No,No
2025-09-20,Saturday,1050,15861,No,No
2025-09-21,Sunday,971,15577,No,No
2025-09-22,Monday,871,14624,No,No
2025-09-23,Tuesday,788,15548,No,No
2025-09-24,Wednesday,854,16598,No,No
2025-09-25,Thursday,831,14392,No,Yes
2025-09-26,Friday,903,15266,No,No
2025-09-27,Saturday,999,15975,No,No
2025-09-28,Sunday,992,15690,No,No
2025-09-29,Monday,807,15147,No,No
2025-09-30,Tuesday,792,14530,No,No
2025-10-01,Wednesday,846,15274,No,No
2025-10-02,Thursday,725,14758,No,No
2025-10-03,Friday,752,14023,No,No
2025-10-04,Saturday,951,16097,No,No
2025-10-05,Sunday,1051,15963,No,No
2025-10-06,Monday,888,15094,No,No
2025-10-07,Tuesday,797,15169,No,No
2025-10-08,Wednesday,793,15580,No,No
2025-10-09,Thursday,805,15145,No,No
2025-10-10,Friday,859,15475,No,No
2025-10-11,Saturday,954,15267,No,No
2025-10-12,Sunday,1012,16066,No,No
2025-10-13,Monday,849,15165,No,No
2025-10-14,Tuesday,825,15099,No,No
2025-10-15,Wednesday,809,14365,No,No
2025-10-16,Thursday,850,15144,No,No
2025-10-17,Friday,665,14585,No,No
2025-10-18,Saturday,1034,15085,No,No
2025-10-19,Sunday,968,15001,No,No
2025-10-20,Monday,709,14481,No,No
2025-10-21,Tuesday,826,16084,No,No
2025-10-22,Wednesday,870,15696,No,No
2025-10-23,Thursday,795,16001,No,No
2025-10-24,Friday,850,14441,No,Yes
2025-10-25,Saturday,1083,15501,No,No
2025-10-26,Sunday,1069,14833,No,No
2025-10-27,Monday,886,14748,No,No
2025-10-28,Tuesday,842,14654,No,No
2025-10-29,Wednesday,809,15752,No,No
2025-10-30,Thursday,726,14955,No,No
2025-10-31,Friday,795,15709,No,No
2025-11-01,Saturday,966,15900,No,No
2025-11-02,Sunday,1117,16774,No,No
2025-11-03,Monday,801,14509,No,No
2025-11-04,Tuesday,817,15906,No,No
2025-11-05,Wednesday,840,15878,No,No
2025-11-06,Thursday,816,14849,No,No
2025-11-07,Friday,899,15871,No,No
2025-11-08,Saturday,985,15968,No,No
2025-11-09,Sunday,1027,15721,No,Yes
2025-11-10,Monday,782,15058,No,No
2025-11-11,Tuesday,754,15148,No,No
2025-11-12,Wednesday,791,16571,No,No
2025-11-13,Thursday,822,15586,No,Yes
2025-11-14,Friday,804,16018,No,No
2025-11-15,Saturday,992,15674,No,No
2025-11-16,Sunday,958,15723,No,Yes
2025-11-17,Monday,826,16299,No,No
2025-11-18,Tuesday,757,15129,No,No
2025-11-19,Wednesday,872,15644,No,No
2025-11-20,Thursday,840,15917,No,No
2025-11-21,Friday,765,16006,No,No
2025-11-22,Saturday,1025,16312,No,No
2025-11-23,Sunday,1005,16651,No,No
2025-11-24,Monday,860,16453,No,No
2025-11-25,Tuesday,913,16529,No,No
2025-11-26,Wednesday,755,15724,No,No
2025-11-27,Thursday,857,16132,No,No
2025-11-28,Friday,845,16930,No,No
2025-11-29,Saturday,1089,17239,No,No
2025-11-30,Sunday,1069,16165,No,No
2025-12-01,Monday,823,16688,No,No
2025-12-02,Tuesday,847,15586,No,No
2025-12-03,Wednesday,826,16662,No,No
2025-12-04,Thursday,922,17651,No,No
2025-12-05,Friday,872,16294,No,No
2025-12-06,Saturday,1168,16817,No,No
2025-12-07,Sunday,1073,17683,No,No
2025-12-08,Monday,843,16198,No,No
2025-12-09,Tuesday,806,16721,No,No
2025-12-10,Wednesday,794,17406,No,No
2025-12-11,Thursday,808,16861,No,No
2025-12-12,Friday,903,17132,No,No
2025-12-13,Saturday,1118,18094,No,No
2025-12-14,Sunday,1017,18006,No,Yes
2025-12-15,Monday,944,17603,No,No
2025-12-16,Tuesday,878,17374,No,No
2025-12-17,Wednesday,912,17804,No,No
2025-12-18,Thursday,988,17633,No,No
2025-12-19,Friday,956,18001,No,No
2025-12-20,Saturday,1101,18001,No,Yes
2025-12-21,Sunday,1073,18236,No,Yes
2025-12-22,Monday,813,17511,No,No
2025-12-23,Tuesday,887,18068,No,No
2025-12-24,Wednesday,916,17760,No,No
2025-12-25,Thursday,880,17689,No,No
2025-12-26,Friday,926,18456,No,No
2025-12-27,Saturday,1140,18914,No,Yes
2025-12-28,Sunday,1128,19281,No,No
2025-12-29,Monday,910,18357,No,No
2025-12-30,Tuesday,955,18859,No,No
2025-12-31,Wednesday,1472,20013,Yes,No
2026-01-01,Thursday,898,19044,No,No
2026-01-02,Friday,1027,18493,No,No
2026-01-03,Saturday,1155,19464,No,No
2026-01-04,Sunday,1164,19656,No,No
2026-01-05,Monday,1002,19162,No,Yes
2026-01-06,Tuesday,981,18201,No,No
2026-01-07,Wednesday,1021,19409,No,No
2026-01-08,Thursday,991,20521,No,No
2026-01-09,Friday,949,19320,No,No
2026-01-10,Saturday,1202,19622,No,No
2026-01-11,Sunday,1130,20258,No,No
2026-01-12,Monday,996,19914,No,No
2026-01-13,Tuesday,992,20440,No,No
2026-01-14,Wednesday,987,19301,No,No
2026-01-15,Thursday,994,20382,No,No
2026-01-16,Friday,910,20397,No,No
2026-01-17,Saturday,1180,20517,No,No
2026-01-18,Sunday,1216,20844,No,No
2026-01-19,Monday,1022,20875,No,No
2026-01-20,Tuesday,966,20882,No,No
2026-01-21,Wednesday,1085,19960,No,No
2026-01-22,Thursday,981,21027,No,No
2026-01-23,Friday,1077,20670,No,No
2026-01-24,Saturday,1253,21224,No,No
2026-01-25,Sunday,1203,21309,No,Yes
2026-01-26,Monday,1127,20882,No,Yes
2026-01-27,Tuesday,982,21638,No,No
2026-01-28,Wednesday,1091,21084,No,No
2026-01-29,Thursday,1098,20650,No,No
2026-01-30,Friday,1018,21096,No,No
2026-01-31,Saturday,1825,22865,Yes,No
2026-02-01,Sunday,1246,22473,No,No
2026-02-02,Monday,1076,21842,No,No
2026-02-03,Tuesday,1078,21197,No,No
2026-02-04,Wednesday,1061,22946,No,No
2026-02-05,Thursday,1112,21917,No,No
2026-02-06,Friday,1114,22502,No,No
2026-02-07,Saturday,1190,22268,No,No
2026-02-08,Sunday,1346,22690,No,No
2026-02-09,Monday,1001,22521,No,No
2026-02-10,Tuesday,1139,22788,No,No
2026-02-11,Wednesday,1147,22785,No,No
2026-02-12,Thursday,1039,22769,No,No
2026-02-13,Friday,1076,22251,No,No
2026-02-14,Saturday,1244,22598,No,No
2026-02-15,Sunday,1292,23125,No,No
2026-02-16,Monday,1090,23099,No,No
2026-02-17,Tuesday,1147,22593,No,No
2026-02-18,Wednesday,1177,23309,No,No
2026-02-19,Thursday,1184,23574,No,No
2026-02-20,Friday,1089,22460,No,No
2026-02-21,Saturday,1309,22969,No,No
2026-02-22,Sunday,1238,23386,No,No
2026-02-23,Monday,1085,23278,No,No
2026-02-24,Tuesday,1176,22929,No,No
2026-02-25,Wednesday,1211,23933,No,No
2026-02-26,Thursday,1071,23534,No,No
2026-02-27,Friday,1106,23405,No,No
2026-02-28,Saturday,1337,23130,No,No
2026-03-01,Sunday,1354,23252,No,No
2026-03-02,Monday,1102,23712,No,No
2026-03-03,Tuesday,1166,22564,No,No
2026-03-04,Wednesday,1124,24196,No,No
2026-03-05,Thursday,1149,23668,No,No
2026-03-06,Friday,1179,25425,No,No
2026-03-07,Saturday,1355,25413,No,No
2026-03-08,Sunday,1335,24222,No,No
2026-03-09,Monday,1153,23913,No,No
2026-03-10,Tuesday,1156,24516,No,No
2026-03-11,Wednesday,1144,24920,No,No
2026-03-12,Thursday,1152,23299,No,No
2026-03-13,Friday,1247,23273,No,No
2026-03-14,Saturday,1397,24302,No,No
2026-03-15,Sunday,1356,24950,No,No
2026-03-16,Monday,1207,24552,No,Yes
2026-03-17,Tuesday,1157,24882,No,No
2026-03-18,Wednesday,1234,23789,No,No
2026-03-19,Thursday,1196,23271,No,No
2026-03-20,Friday,1173,24897,No,No
2026-03-21,Saturday,1403,24492,No,No
2026-03-22,Sunday,1303,23934,No,No
2026-03-23,Monday,1127,24651,No,No
2026-03-24,Tuesday,1125,25009,No,No
2026-03-25,Wednesday,1193,24584,No,No
2026-03-26,Thursday,1274,24447,No,No
2026-03-27,Friday,1300,24626,No,No
2026-03-28,Saturday,1421,24949,No,No
2026-03-29,Sunday,1415,24487,No,No
2026-03-30,Monday,1101,24430,No,No
2026-03-31,Tuesday,1165,25072,No,No
2026-04-01,Wednesday,1154,24995,No,No
2026-04-02,Thursday,1163,24939,No,No
2026-04-03,Friday,1187,24377,No,No
2026-04-04,Saturday,1372,25203,No,No
2026-04-05,Sunday,1297,24222,No,No
2026-04-06,Monday,1234,25015,No,No
2026-04-07,Tuesday,1144,25654,No,No
2026-04-08,Wednesday,1210,24215,No,No
2026-04-09,Thursday,1302,24671,No,No
2026-04-10,Friday,1153,25138,No,No
2026-04-11,Saturday,1273,26008,No,No
2026-04-12,Sunday,1385,25164,No,No
2026-04-13,Monday,1255,24647,No,No
2026-04-14,Tuesday,1298,24013,No,No
2026-04-15,Wednesday,1138,25051,No,No
2026-04-16,Thursday,1225,26021,No,No
2026-04-17,Friday,1177,25138,No,No
2026-04-18,Saturday,1395,25386,No,No
2026-04-19,Sunday,1532,25554,No,No
2026-04-20,Monday,1124,24983,No,No
2026-04-21,Tuesday,1212,24575,No,No
2026-04-22,Wednesday,1222,25385,No,No
2026-04-23,Thursday,1253,25077,No,No
2026-04-24,Friday,1203,24962,No,No
2026-04-25,Saturday,1413,24853,No,No
2026-04-26,Sunday,1377,25978,No,Yes
2026-04-27,Monday,1210,25243,No,No
2026-04-28,Tuesday,1179,24617,No,No
2026-04-29,Wednesday,1226,25376,No,No
2026-04-30,Thursday,1176,24607,No,No
2026-05-01,Friday,1212,24443,No,No
2026-05-02,Saturday,1391,24832,No,No
2026-05-03,Sunday,1448,24302,No,No
2026-05-04,Monday,1188,24998,No,No
2026-05-05,Tuesday,1101,23819,No,No
2026-05-06,Wednesday,1251,24092,No,No
2026-05-07,Thursday,1142,23639,No,No
2026-05-08,Friday,1153,24603,No,No
2026-05-09,Saturday,1355,24938,No,No
2026-05-10,Sunday,1452,24816,No,No
2026-05-11,Monday,1075,24023,No,No
2026-05-12,Tuesday,1337,23921,No,No
2026-05-13,Wednesday,1232,24702,No,No
2026-05-14,Thursday,1188,24155,No,No
2026-05-15,Friday,1173,24548,No,Yes
2026-05-16,Saturday,1388,24305,No,Yes
2026-05-17,Sunday,1398,24795,No,No
2026-05-18,Monday,1203,24912,No,No
2026-05-19,Tuesday,1196,24508,No,No
2026-05-20,Wednesday,1171,23961,No,No
2026-05-21,Thursday,1155,24248,No,No
2026-05-22,Friday,1155,23950,No,Yes
2026-05-23,Saturday,1351,24423,No,No
2026-05-24,Sunday,1415,24205,No,No
2026-05-25,Monday,1186,23832,No,No
2026-05-26,Tuesday,1007,23966,No,No
2026-05-27,Wednesday,1185,23308,No,No
2026-05-28,Thursday,1160,23241,No,No
2026-05-29,Friday,1147,22997,No,No
2026-05-30,Saturday,1326,23232,No,No
2026-05-31,Sunday,1399,23364,No,No
2026-06-01,Monday,1188,23592,No,No
2026-06-02,Tuesday,1099,23004,No,No
2026-06-03,Wednesday,1156,23644,No,No
2026-06-04,Thursday,1084,23341,No,No
2026-06-05,Friday,1061,22274,No,No
2026-06-06,Saturday,1296,23920,No,No
2026-06-07,Sunday,1368,23931,No,No
2026-06-08,Monday,1170,22561,No,No
2026-06-09,Tuesday,1145,23200,No,No
2026-06-10,Wednesday,1153,22492,No,No
2026-06-11,Thursday,1140,22899,No,No
2026-06-12,Friday,1079,22147,No,No
2026-06-13,Saturday,1330,22210,No,No
2026-06-14,Sunday,1345,22843,No,No
2026-06-15,Monday,1140,22499,No,No
2026-06-16,Tuesday,1159,22287,No,No
2026-06-17,Wednesday,1132,21819,No,No
2026-06-18,Thursday,1111,22135,No,No
2026-06-19,Friday,1144,22393,No,No
2026-06-20,Saturday,1286,22559,No,No
2026-06-21,Sunday,1240,22595,No,No
2026-06-22,Monday,1073,21690,No,No
2026-06-23,Tuesday,1041,22532,No,No
2026-06-24,Wednesday,1041,21279,No,No
2026-06-25,Thursday,1064,22030,No,No
2026-06-26,Friday,1029,22297,No,No
2026-06-27,Saturday,1250,22265,No,Yes
2026-06-28,Sunday,1167,21842,No,No
2026-06-29,Monday,1069,21197,No,No
2026-06-30,Tuesday,1055,21896,No,No
2026-07-01,Wednesday,1011,20584,No,No
2026-07-02,Thursday,1081,20727,No,No
2026-07-03,Friday,1092,20929,No,No
2026-07-04,Saturday,1161,22063,No,No
2026-07-05,Sunday,1200,21550,No,No
2026-07-06,Monday,997,20391,No,No
2026-07-07,Tuesday,985,20635,No,No
2026-07-08,Wednesday,1070,20398,No,No
2026-07-09,Thursday,1015,20265,No,No
2026-07-10,Friday,1008,21024,No,No
2026-07-11,Saturday,1118,20163,No,No
2026-07-12,Sunday,1246,21567,No,No
2026-07-13,Monday,949,20691,No,No
2026-07-14,Tuesday,1011,20736,No,No
2026-07-15,Wednesday,1018,19873,No,No
2026-07-16,Thursday,1069,19943,No,No
2026-07-17,Friday,932,19216,No,No
2026-07-18,Saturday,1043,19984,No,No
2026-07-19,Sunday,1200,20407,No,No
2026-07-20,Monday,1077,20322,No,No
2026-07-21,Tuesday,1045,19035,No,No
2026-07-22,Wednesday,991,19320,No,No
2026-07-23,Thursday,952,19341,No,No
2026-07-24,Friday,1014,18634,No,No
2026-07-25,Saturday,1121,19942,No,No
2026-07-26,Sunday,1190,19199,No,No
2026-07-27,Monday,988,18979,No,No
2026-07-28,Tuesday,1013,18766,No,No
2026-07-29,Wednesday,1094,18513,No,No
2026-07-30,Thursday,973,18820,No,No
2026-07-31,Friday,1424,19633,Yes,No
2026-08-01,Saturday,1145,18871,No,No
2026-08-02,Sunday,1055,18610,No,Yes
2026-08-03,Monday,905,18652,No,No
2026-08-04,Tuesday,916,19237,No,No
2026-08-05,Wednesday,907,18399,No,No
2026-08-06,Thursday,938,18746,No,No
2026-08-07,Friday,886,17472,No,No
2026-08-08,Saturday,1180,18567,No,Yes
2026-08-09,Sunday,1120,17860,No,No
2026-08-10,Monday,917,17191,No,No
2026-08-11,Tuesday,898,17482,No,Yes
2026-08-12,Wednesday,919,18370,No,No
2026-08-13,Thursday,949,18172,No,No
2026-08-14,Friday,861,17743,No,No
2026-08-15,Saturday,1069,17180,No,No
2026-08-16,Sunday,1084,17773,No,No
2026-08-17,Monday,829,17548,No,No
2026-08-18,Tuesday,852,17412,No,No
2026-08-19,Wednesday,866,16330,No,No
2026-08-20,Thursday,931,16735,No,No
2026-08-21,Friday,898,17078,No,Yes
2026-08-22,Saturday,1091,17708,No,No
2026-08-23,Sunday,1121,16273,No,No
2026-08-24,Monday,869,16822,No,No
2026-08-25,Tuesday,893,16907,No,No
2026-08-26,Wednesday,866,17194,No,No
2026-08-27,Thursday,881,17051,No,No
2026-08-28,Friday,836,16931,No,No
2026-08-29,Saturday,941,16577,No,Yes
2026-08-30,Sunday,1054,15960,No,No
2026-08-31,Monday,929,16257,No,No
2026-09-01,Tuesday,902,16894,No,No
2026-09-02,Wednesday,902,17031,No,No
2026-09-03,Thursday,913,16631,No,No
2026-09-04,Friday,853,16434,No,No
2026-09-05,Saturday,1056,16753,No,No
2026-09-06,Sunday,1013,16230,No,No
2026-09-07,Monday,826,15990,No,No
2026-09-08,Tuesday,871,16837,No,No
2026-09-09,Wednesday,898,15480,No,Yes
2026-09-10,Thursday,829,16709,No,Yes
2026-09-11,Friday,812,15692,No,No
2026-09-12,Saturday,1032,16868,No,No
2026-09-13,Sunday,1060,15456,No,No
2026-09-14,Monday,756,16007,No,No
2026-09-15,Tuesday,712,15302,No,No
2026-09-16,Wednesday,798,14920,No,No
2026-09-17,Thursday,762,15696,No,No
2026-09-18,Friday,796,16052,No,No
2026-09-19,Saturday,1013,15486,No,No
2026-09-20,Sunday,996,15122,No,No
2026-09-21,Monday,890,15390,No,No
2026-09-22,Tuesday,832,15357,No,No
2026-09-23,Wednesday,830,15642,No,No
2026-09-24,Thursday,845,15811,No,No
2026-09-25,Friday,755,15276,No,No
2026-09-26,Saturday,1063,16605,No,No
2026-09-27,Sunday,1006,15761,No,No
2026-09-28,Monday,842,15050,No,No
2026-09-29,Tuesday,754,14393,No,No
2026-09-30,Wednesday,729,15044,No,No
2026-10-01,Thursday,847,14985,No,No
2026-10-02,Friday,824,15613,No,No
2026-10-03,Saturday,959,15745,No,No
2026-10-04,Sunday,960,14907,No,No
2026-10-05,Monday,859,15166,No,No
2026-10-06,Tuesday,743,15401,No,No
2026-10-07,Wednesday,884,15816,No,No
2026-10-08,Thursday,757,15484,No,No
2026-10-09,Friday,833,15411,No,No
2026-10-10,Saturday,984,15452,No,No
2026-10-11,Sunday,1031,15609,No,No
2026-10-12,Monday,773,15633,No,No
2026-10-13,Tuesday,792,14338,No,No
2026-10-14,Wednesday,802,14827,No,No
2026-10-15,Thursday,750,14614,No,No
2026-10-16,Friday,837,15190,No,No
2026-10-17,Saturday,974,16017,No,No
2026-10-18,Sunday,989,15106,No,No
2026-10-19,Monday,751,13814,No,No
2026-10-20,Tuesday,673,14809,No,No
2026-10-21,Wednesday,791,15480,No,No
2026-10-22,Thursday,922,15301,No,No
2026-10-23,Friday,841,15257,No,No
2026-10-24,Saturday,1001,15315,No,Yes
2026-10-25,Sunday,990,14828,No,No
2026-10-26,Monday,804,15341,No,No
2026-10-27,Tuesday,831,14682,No,Yes
2026-10-28,Wednesday,746,16209,No,No
2026-10-29,Thursday,861,15422,No,No
2026-10-30,Friday,842,14867,No,No
2026-10-31,Saturday,1043,15273,No,No
2026-11-01,Sunday,1030,15556,No,No
2026-11-02,Monday,810,15108,No,No
2026-11-03,Tuesday,844,15812,No,No
2026-11-04,Wednesday,841,15375,No,No
2026-11-05,Thursday,795,14945,No,No
2026-11-06,Friday,785,16287,No,No
2026-11-07,Saturday,1020,15798,No,No
2026-11-08,Sunday,1094,16191,No,No
2026-11-09,Monday,756,15138,No,No
2026-11-10,Tuesday,746,15659,No,No
2026-11-11,Wednesday,829,15671,No,No
2026-11-12,Thursday,825,14609,No,No
2026-11-13,Friday,832,16602,No,No
2026-11-14,Saturday,1038,16681,No,No
2026-11-15,Sunday,1016,15879,No,No
2026-11-16,Monday,903,15171,No,No
2026-11-17,Tuesday,751,15941,No,No
2026-11-18,Wednesday,791,15857,No,No
2026-11-19,Thursday,829,16039,No,No
2026-11-20,Friday,754,16006,No,No
2026-11-21,Saturday,1030,16613,No,No
2026-11-22,Sunday,1124,17135,No,No
2026-11-23,Monday,844,16348,No,No
2026-11-24,Tuesday,856,15593,No,No
2026-11-25,Wednesday,784,16854,No,No
2026-11-26,Thursday,818,17049,No,No
2026-11-27,Friday,833,17862,No,No
2026-11-28,Saturday,1038,16182,No,No
2026-11-29,Sunday,1120,16925,No,No
2026-11-30,Monday,886,15423,No,No
2026-12-01,Tuesday,805,16802,No,No
2026-12-02,Wednesday,876,16313,No,No
2026-12-03,Thursday,891,17613,No,No
2026-12-04,Friday,926,16328,No,No
2026-12-05,Saturday,1150,16336,No,No
2026-12-06,Sunday,1023,17011,No,No
2026-12-07,Monday,836,15927,No,No
2026-12-08,Tuesday,816,17358,No,No
2026-12-09,Wednesday,870,16019,No,No
2026-12-10,Thursday,908,17136,No,No
2026-12-11,Friday,937,16154,No,No
2026-12-12,Saturday,1087,17504,No,No
2026-12-13,Sunday,1077,18558,No,No
2026-12-14,Monday,904,17590,No,No
2026-12-15,Tuesday,858,17052,No,No
2026-12-16,Wednesday,1007,17543,No,No
2026-12-17,Thursday,825,17643,No,No
2026-12-18,Friday,918,17947,No,No
2026-12-19,Saturday,1213,17504,No,No
2026-12-20,Sunday,1115,18561,No,No
2026-12-21,Monday,908,16591,No,No
2026-12-22,Tuesday,903,17707,No,No
2026-12-23,Wednesday,915,17857,No,No
2026-12-24,Thursday,996,18498,No,No
2026-12-25,Friday,820,18273,No,No
2026-12-26,Saturday,1210,18040,No,No
2026-12-27,Sunday,1066,18332,No,No
2026-12-28,Monday,927,18606,No,Yes
2026-12-29,Tuesday,922,18549,No,No
2026-12-30,Wednesday,976,18382,No,No
2026-12-31,Thursday,1370,19514,Yes,No
2027-01-01,Friday,977,19186,No,Yes
2027-01-02,Saturday,1258,19063,No,No
2027-01-03,Sunday,1092,19362,No,No
2027-01-04,Monday,973,20176,No,No
2027-01-05,Tuesday,934,18464,No,No
2027-01-06,Wednesday,992,18335,No,No
2027-01-07,Thursday,975,19738,No,No
2027-01-08,Friday,945,19092,No,No
2027-01-09,Saturday,1205,19758,No,No
2027-01-10,Sunday,1274,19612,No,No
2027-01-11,Monday,978,19559,No,No
2027-01-12,Tuesday,1027,20574,No,No
2027-01-13,Wednesday,930,20262,No,No
2027-01-14,Thursday,950,20378,No,No
2027-01-15,Friday,1025,19325,No,No
2027-01-16,Saturday,1279,19944,No,No
2027-01-17,Sunday,1226,19186,No,No
2027-01-18,Monday,996,19887,No,No
2027-01-19,Tuesday,1015,20856,No,No
2027-01-20,Wednesday,956,20722,No,No
2027-01-21,Thursday,1052,20438,No,No
2027-01-22,Friday,1069,20623,No,No
2027-01-23,Saturday,1206,20775,No,No
2027-01-24,Sunday,1209,21307,No,No
2027-01-25,Monday,1049,21273,No,No
2027-01-26,Tuesday,1017,20166,No,No
2027-01-27,Wednesday,1039,21208,No,No
2027-01-28,Thursday,1151,21609,No,No
2027-01-29,Friday,1037,21019,No,No
2027-01-30,Saturday,1234,22060,No,No
2027-01-31,Sunday,1723,24200,Yes,No
2027-02-01,Monday,1096,21423,No,No
2027-02-02,Tuesday,1053,21754,No,No
2027-02-03,Wednesday,1033,21270,No,No
2027-02-04,Thursday,1135,21810,No,No
2027-02-05,Friday,1143,22030,No,No
2027-02-06,Saturday,1245,22378,No,No
2027-02-07,Sunday,1185,21850,No,No
2027-02-08,Monday,1132,22142,No,No
2027-02-09,Tuesday,1050,22848,No,No
2027-02-10,Wednesday,1127,22419,No,No
2027-02-11,Thursday,992,22753,No,No
2027-02-12,Friday,1139,22230,No,No
2027-02-13,Saturday,1236,23199,No,No
2027-02-14,Sunday,1336,23039,No,Yes
2027-02-15,Monday,1104,22098,No,Yes
2027-02-16,Tuesday,1058,22806,No,No
2027-02-17,Wednesday,1088,22223,No,No
2027-02-18,Thursday,1146,22475,No,No
2027-02-19,Friday,1120,22957,No,No
2027-02-20,Saturday,1347,23481,No,No
2027-02-21,Sunday,1419,22807,No,No
2027-02-22,Monday,1045,23597,No,No
2027-02-23,Tuesday,1206,23424,No,No
2027-02-24,Wednesday,1133,22852,No,No
2027-02-25,Thursday,1086,22501,No,No
2027-02-26,Friday,1067,23262,No,No
2027-02-27,Saturday,1326,23575,No,Yes
2027-02-28,Sunday,1385,23917,No,No
2027-03-01,Monday,1135,23341,No,No
2027-03-02,Tuesday,1219,22579,No,No
2027-03-03,Wednesday,1073,23448,No,No
2027-03-04,Thursday,1147,23548,No,No
2027-03-05,Friday,1088,24075,No,No
2027-03-06,Saturday,1371,23866,No,No
2027-03-07,Sunday,1399,25109,No,No
2027-03-08,Monday,1136,22968,No,No
2027-03-09,Tuesday,1029,24632,No,No
2027-03-10,Wednesday,1171,23916,No,No
2027-03-11,Thursday,1185,24508,No,No
2027-03-12,Friday,1185,24168,No,No
2027-03-13,Saturday,1429,25145,No,No
2027-03-14,Sunday,1315,24429,No,No
2027-03-15,Monday,1205,23719,No,No
2027-03-16,Tuesday,1232,25022,No,No
2027-03-17,Wednesday,1085,24298,No,No
2027-03-18,Thursday,1192,24508,No,No
2027-03-19,Friday,1152,25055,No,No
2027-03-20,Saturday,1375,24360,No,No
2027-03-21,Sunday,1398,25212,No,No
2027-03-22,Monday,1158,24255,No,No
2027-03-23,Tuesday,1150,24519,No,No
2027-03-24,Wednesday,1186,24655,No,No
2027-03-25,Thursday,1132,23901,No,No
2027-03-26,Friday,1133,24293,No,No
2027-03-27,Saturday,1422,25787,No,No
2027-03-28,Sunday,1332,25583,No,No
2027-03-29,Monday,1224,24735,No,No
2027-03-30,Tuesday,1215,24913,No,No
2027-03-31,Wednesday,1106,24669,No,No
2027-04-01,Thursday,1160,25516,No,No
2027-04-02,Friday,1254,24759,No,No
2027-04-03,Saturday,1346,25395,No,No
2027-04-04,Sunday,1373,25870,No,No
2027-04-05,Monday,1220,24525,No,No
2027-04-06,Tuesday,1236,25708,No,No
2027-04-07,Wednesday,1185,24177,No,No
2027-04-08,Thursday,1168,25770,No,No
2027-04-09,Friday,1270,24779,No,No
2027-04-10,Saturday,1486,25254,No,No
2027-04-11,Sunday,1448,24438,No,No
2027-04-12,Monday,1204,24762,No,No
2027-04-13,Tuesday,1159,24474,No,No
2027-04-14,Wednesday,1158,24694,No,No
2027-04-15,Thursday,1226,24931,No,No
2027-04-16,Friday,1221,25479,No,No
2027-04-17,Saturday,1470,25503,No,No
2027-04-18,Sunday,1432,25550,No,No
2027-04-19,Monday,1125,24445,No,No
2027-04-20,Tuesday,1252,24547,No,No
2027-04-21,Wednesday,1149,25879,No,No
2027-04-22,Thursday,1180,24604,No,No
2027-04-23,Friday,1211,25790,No,No
2027-04-24,Saturday,1498,25229,No,No
2027-04-25,Sunday,1553,25339,No,No
2027-04-26,Monday,1227,25458,No,No
2027-04-27,Tuesday,1187,25543,No,No
2027-04-28,Wednesday,1222,24835,No,No
2027-04-29,Thursday,1239,24677,No,No
2027-04-30,Friday,1178,24824,No,No
2027-05-01,Saturday,1483,25399,No,No
2027-05-02,Sunday,1404,25653,No,No
2027-05-03,Monday,1216,24785,No,No
2027-05-04,Tuesday,1224,25066,No,No
2027-05-05,Wednesday,1210,25549,No,No
2027-05-06,Thursday,1230,24891,No,No
2027-05-07,Friday,1156,24827,No,No
2027-05-08,Saturday,1358,24280,No,No
2027-05-09,Sunday,1329,23691,No,No
2027-05-10,Monday,1205,24767,No,No
2027-05-11,Tuesday,1220,24489,No,No
2027-05-12,Wednesday,1203,24243,No,No
2027-05-13,Thursday,1262,24584,No,No
2027-05-14,Friday,1177,24392,No,No
2027-05-15,Saturday,1409,25345,No,No
2027-05-16,Sunday,1319,24782,No,No
2027-05-17,Monday,1152,23922,No,No
2027-05-18,Tuesday,1205,24746,No,No
2027-05-19,Wednesday,1211,24097,No,Yes
2027-05-20,Thursday,1152,24421,No,No
2027-05-21,Friday,1161,23871,No,No
2027-05-22,Saturday,1287,24135,No,No
2027-05-23,Sunday,1343,24451,No,No
2027-05-24,Monday,1203,23963,No,No
2027-05-25,Tuesday,1185,24144,No,No
2027-05-26,Wednesday,1179,23715,No,No
2027-05-27,Thursday,1154,22876,No,No
2027-05-28,Friday,1150,23521,No,No
2027-05-29,Saturday,1314,24476,No,No
2027-05-30,Sunday,1380,23872,No,No
2027-05-31,Monday,1163,23437,No,No
2027-06-01,Tuesday,1165,23993,No,No
2027-06-02,Wednesday,1111,23082,No,No
2027-06-03,Thursday,1027,22603,No,No
2027-06-04,Friday,1187,23230,No,No
2027-06-05,Saturday,1306,23403,No,No
2027-06-06,Sunday,1284,23096,No,No
2027-06-07,Monday,1159,23025,No,No
2027-06-08,Tuesday,1102,23291,No,No
2027-06-09,Wednesday,1172,22971,No,No
2027-06-10,Thursday,1147,23060,No,No
2027-06-11,Friday,1148,23743,No,Yes
2027-06-12,Saturday,1242,22993,No,No
2027-06-13,Sunday,1368,23232,No,No
2027-06-14,Monday,1118,22365,No,No
2027-06-15,Tuesday,1083,22122,No,No
2027-06-16,Wednesday,1106,22179,No,No
2027-06-17,Thursday,1007,22157,No,No
2027-06-18,Friday,1113,22500,No,No
2027-06-19,Saturday,1238,23818,No,No
2027-06-20,Sunday,1219,22208,No,No
2027-06-21,Monday,1007,21880,No,No
2027-06-22,Tuesday,1136,21978,No,No
2027-06-23,Wednesday,1046,22128,No,No
2027-06-24,Thursday,1151,21983,No,No
2027-06-25,Friday,1044,22413,No,No
2027-06-26,Saturday,1182,20876,No,Yes
2027-06-27,Sunday,1209,20815,No,No
2027-06-28,Monday,1123,21279,No,No
2027-06-29,Tuesday,1050,21993,No,No
2027-06-30,Wednesday,1027,20579,No,No
2027-07-01,Thursday,1059,19775,No,No
2027-07-02,Friday,1073,21481,No,No
2027-07-03,Saturday,1300,21633,No,No
2027-07-04,Sunday,1314,20882,No,No
2027-07-05,Monday,1020,20450,No,No
2027-07-06,Tuesday,968,20373,No,No
2027-07-07,Wednesday,1010,20828,No,No
2027-07-08,Thursday,1041,20375,No,No
2027-07-09,Friday,976,20850,No,No
2027-07-10,Saturday,1173,19490,No,No
2027-07-11,Sunday,1234,20403,No,No
2027-07-12,Monday,1011,19782,No,No
2027-07-13,Tuesday,1012,20131,No,No
2027-07-14,Wednesday,969,19904,No,No
2027-07-15,Thursday,992,20486,No,No
2027-07-16,Friday,954,19072,No,No
2027-07-17,Saturday,1241,20338,No,No
2027-07-18,Sunday,1245,20508,No,No
2027-07-19,Monday,897,20671,No,No
2027-07-20,Tuesday,940,19416,No,No
2027-07-21,Wednesday,908,19733,No,No
2027-07-22,Thursday,947,18584,No,No
2027-07-23,Friday,972,18204,No,No
2027-07-24,Saturday,1100,20137,No,No
2027-07-25,Sunday,1123,19626,No,No
2027-07-26,Monday,916,19734,No,No
2027-07-27,Tuesday,973,18373,No,No
2027-07-28,Wednesday,962,19235,No,Yes
2027-07-29,Thursday,920,19825,No,No
2027-07-30,Friday,961,19017,No,Yes
2027-07-31,Saturday,1622,20262,Yes,No
2027-08-01,Sunday,1132,19045,No,No
2027-08-02,Monday,1026,17773,No,No
2027-08-03,Tuesday,1006,19154,No,No
2027-08-04,Wednesday,871,18089,No,No
2027-08-05,Thursday,974,18565,No,No
2027-08-06,Friday,970,17450,No,No
2027-08-07,Saturday,1069,17962,No,No
2027-08-08,Sunday,1164,19189,No,No
2027-08-09,Monday,997,17819,No,No
2027-08-10,Tuesday,860,18641,No,No
2027-08-11,Wednesday,868,17797,No,No
2027-08-12,Thursday,961,16838,No,No
2027-08-13,Friday,921,18128,No,No
2027-08-14,Saturday,1132,17711,No,No
2027-08-15,Sunday,1118,18280,No,No
2027-08-16,Monday,918,17469,No,Yes
2027-08-17,Tuesday,829,16611,No,No
2027-08-18,Wednesday,945,17392,No,No
2027-08-19,Thursday,948,18336,No,No
2027-08-20,Friday,875,17413,No,No
2027-08-21,Saturday,1082,17467,No,No
2027-08-22,Sunday,1004,17964,No,No
2027-08-23,Monday,904,17063,No,No
2027-08-24,Tuesday,904,16994,No,No
2027-08-25,Wednesday,870,16277,No,No
2027-08-26,Thursday,926,16873,No,No
2027-08-27,Friday,851,17209,No,No
2027-08-28,Saturday,1093,16609,No,No
2027-08-29,Sunday,1012,17676,No,No
2027-08-30,Monday,859,16456,No,No
2027-08-31,Tuesday,849,15997,No,No
2027-09-01,Wednesday,867,16880,No,No
2027-09-02,Thursday,834,16179,No,No
2027-09-03,Friday,844,16644,No,No
2027-09-04,Saturday,1090,16462,No,No
2027-09-05,Sunday,1024,16522,No,No
2027-09-06,Monday,764,16345,No,No
2027-09-07,Tuesday,929,16190,No,No
2027-09-08,Wednesday,909,14995,No,No
2027-09-09,Thursday,773,15381,No,No
2027-09-10,Friday,870,16357,No,No
2027-09-11,Saturday,1009,16177,No,No
2027-09-12,Sunday,1045,15934,No,No
2027-09-13,Monday,845,15071,No,No
2027-09-14,Tuesday,816,15165,No,No
2027-09-15,Wednesday,787,14651,No,No
2027-09-16,Thursday,790,15569,No,No
2027-09-17,Friday,777,15280,No,No
2027-09-18,Saturday,980,15456,No,No
2027-09-19,Sunday,1017,15867,No,No
2027-09-20,Monday,783,15646,No,No
2027-09-21,Tuesday,851,16475,No,No
2027-09-22,Wednesday,890,14638,No,No
2027-09-23,Thursday,785,15941,No,No
2027-09-24,Friday,825,15817,No,No
2027-09-25,Saturday,1037,15310,No,No
2027-09-26,Sunday,1034,15773,No,No
2027-09-27,Monday,814,15015,No,No
2027-09-28,Tuesday,846,15311,No,No
2027-09-29,Wednesday,832,15948,No,No
2027-09-30,Thursday,745,15473,No,No
2027-10-01,Friday,849,15403,No,No
2027-10-02,Saturday,1050,15314,No,No
2027-10-03,Sunday,966,14768,No,Yes
2027-10-04,Monday,806,14989,No,No
2027-10-05,Tuesday,837,15680,No,No
2027-10-06,Wednesday,792,14299,No,No
2027-10-07,Thursday,856,14522,No,No
2027-10-08,Friday,920,15102,No,No
2027-10-09,Saturday,962,14936,No,No
2027-10-10,Sunday,932,15024,No,No
2027-10-11,Monday,816,14801,No,No
2027-10-12,Tuesday,836,14325,No,No
2027-10-13,Wednesday,789,14517,No,No
2027-10-14,Thursday,873,15353,No,No
2027-10-15,Friday,733,14346,No,No
2027-10-16,Saturday,1035,14602,No,No
2027-10-17,Sunday,970,15087,No,No
2027-10-18,Monday,886,15372,No,No
2027-10-19,Tuesday,900,14912,No,No
2027-10-20,Wednesday,762,14785,No,No
2027-10-21,Thursday,774,15047,No,No
2027-10-22,Friday,844,14161,No,No
2027-10-23,Saturday,982,15692,No,Yes
2027-10-24,Sunday,1000,15649,No,No
2027-10-25,Monday,804,14866,No,No
2027-10-26,Tuesday,707,15589,No,Yes
2027-10-27,Wednesday,803,14539,No,No
2027-10-28,Thursday,770,15685,No,No
2027-10-29,Friday,781,15218,No,No
2027-10-30,Saturday,1079,15393,No,No
2027-10-31,Sunday,945,15574,No,No
2027-11-01,Monday,849,15154,No,No
2027-11-02,Tuesday,795,15843,No,No
2027-11-03,Wednesday,796,14721,No,No
2027-11-04,Thursday,851,14906,No,No
2027-11-05,Friday,830,15835,No,No
2027-11-06,Saturday,1042,15450,No,No
2027-11-07,Sunday,1064,16230,No,No
2027-11-08,Monday,800,16263,No,No
2027-11-09,Tuesday,787,15248,No,No
2027-11-10,Wednesday,765,15826,No,No
2027-11-11,Thursday,780,14946,No,No
2027-11-12,Friday,970,15939,No,No
2027-11-13,Saturday,1086,16102,No,No
2027-11-14,Sunday,958,16280,No,No
2027-11-15,Monday,761,15364,No,No
2027-11-16,Tuesday,853,14900,No,No
2027-11-17,Wednesday,858,16028,No,No
2027-11-18,Thursday,860,14791,No,Yes
2027-11-19,Friday,822,15712,No,No
2027-11-20,Saturday,1031,16791,No,No
2027-11-21,Sunday,1055,16466,No,No
2027-11-22,Monday,845,16996,No,No
2027-11-23,Tuesday,732,16587,No,No
2027-11-24,Wednesday,834,15802,No,No
2027-11-25,Thursday,805,16197,No,No
2027-11-26,Friday,858,16216,No,No
2027-11-27,Saturday,1201,15906,No,No
2027-11-28,Sunday,1073,16286,No,Yes
2027-11-29,Monday,841,16135,No,No
2027-11-30,Tuesday,905,15458,No,No
2027-12-01,Wednesday,886,16561,No,No
2027-12-02,Thursday,885,16475,No,No
2027-12-03,Friday,897,15827,No,No
2027-12-04,Saturday,1172,17330,No,No
2027-12-05,Sunday,1015,17552,No,No
2027-12-06,Monday,898,16974,No,No
2027-12-07,Tuesday,831,16766,No,No
2027-12-08,Wednesday,908,17292,No,Yes
2027-12-09,Thursday,837,17406,No,No
2027-12-10,Friday,865,17290,No,No
2027-12-11,Saturday,1074,17195,No,No
2027-12-12,Sunday,1140,17817,No,No
2027-12-13,Monday,940,17949,No,No
2027-12-14,Tuesday,835,17126,No,No
2027-12-15,Wednesday,903,18548,No,No
2027-12-16,Thursday,867,17311,No,No
2027-12-17,Friday,843,17666,No,No
2027-12-18,Saturday,1098,17790,No,No
2027-12-19,Sunday,1097,18315,No,Yes
2027-12-20,Monday,1037,17009,No,No
2027-12-21,Tuesday,940,17686,No,No
2027-12-22,Wednesday,853,17492,No,No
2027-12-23,Thursday,896,18185,No,No
2027-12-24,Friday,979,18695,No,No
2027-12-25,Saturday,1236,19001,No,No
2027-12-26,Sunday,1055,17573,No,No
2027-12-27,Monday,844,19462,No,No
2027-12-28,Tuesday,1034,18670,No,No
2027-12-29,Wednesday,964,18217,No,No
2027-12-30,Thursday,904,18767,No,No
2027-12-31,Friday,1478,19859,Yes,No
